start	end
0.040835	0.08167
0.00746	0.01492
0.01391	0.02782
0.021265	0.04253
0.06351	0.12702
0.01144	0.02288
0.010075	0.02015
0.03047	0.06094
0.03483	0.06966
0.000765	0.00153
0.00386	0.00772
0.020125	0.04025
0.01203	0.02406
0.033745	0.06749
0.037535	0.07507
0.009645	0.01929
0.000475	0.00095
0.029935	0.05987
0.031635	0.06327
0.04528	0.09056
0.01379	0.02758
0.00489	0.00978
0.0118	0.0236
0.00075	0.0015
0.00987	0.01974
0.00037	0.00074